{
    "loss": 31.057641983032227,
    "accuracy": 0.5686274766921997
}