{
    "loss": 26.36012840270996,
    "accuracy": 0.4313725531101227
}