{
    "loss": 0.6269621849060059,
    "accuracy": 0.7843137383460999
}